48229239455472,+61475212201,+61.8.8002.0280,Ho Square,21/05/2016 23:38:08,1821
48229239455472,+61475212201,+61.8.8002.0280,Lauren Gap,08/06/2016 02:52:23,3293
48229239455472,+61475212201,+61.8.8002.0280,Rebekah Parklands,11/03/2016 13:38:12,390
48229239455472,+61475212201,+61.8.8002.0280,Anthony Retreat,12/03/2016 21:28:20,3588
48229239455472,+61475212201,+61.8.8002.0280,Lopez Alley,28/06/2016 02:47:01,1640
48229239455472,+61475212201,0217118740,Omar Concourse,19/04/2016 04:19:26,3493
48229239455472,+61475212201,0217118740,Samantha Towers,25/04/2016 21:49:42,1524
48229239455472,+61475212201,0217118740,Carl Service Way,10/02/2016 01:16:07,290
48229239455472,+61475212201,0217118740,Miller Road,31/05/2016 05:11:16,1492
48229239455472,+61475212201,0217118740,Cathy Mount,07/04/2016 05:55:50,1314
48229239455472,+61475212201,(02)-0028-2052,Reginald Wade,21/05/2016 13:37:43,2041
48229239455472,+61475212201,(02)-0028-2052,Judith Top,25/03/2016 11:21:15,2858
48229239455472,+61475212201,(02)-0028-2052,Huang Parkway,15/04/2016 17:55:39,2818
48229239455472,+61475212201,(02)-0028-2052,Watts River,01/01/2016 19:57:58,3258
48229239455472,+61475212201,(02)-0028-2052,Julie Gates,13/08/2016 16:49:13,2373
48229239455472,+61475212201,+61 412 247 367,Cody Gate,06/04/2016 00:26:28,3172
48229239455472,+61475212201,+61 412 247 367,James Track,04/08/2016 07:11:32,1823
48229239455472,+61475212201,+61 412 247 367,Jonathan Highroad,03/02/2016 03:48:33,2467
48229239455472,+61475212201,+61 412 247 367,Gomez Glade,21/03/2016 05:10:23,1182
48229239455472,+61475212201,+61 412 247 367,Peters Ramble,22/03/2016 11:02:34,3495
48229239455472,+61475212201,+61.412.191.514,Orozco Strand,03/06/2016 15:57:35,1934
48229239455472,+61475212201,+61.412.191.514,William Block,14/05/2016 12:00:20,1422
48229239455472,+61475212201,+61.412.191.514,Anthony Trailer,27/02/2016 19:21:04,2433
48229239455472,+61475212201,+61.412.191.514,Mccoy Pathway,16/03/2016 18:42:26,1428
48229239455472,+61475212201,+61.412.191.514,Cory Dell,14/02/2016 16:15:09,2524
35688882070851,+61.412.191.514,+61475212201,Johnson Green,02/01/2016 00:05:26,2101
35688882070851,+61.412.191.514,+61475212201,Kenneth Pathway,12/05/2016 08:42:45,1325
35688882070851,+61.412.191.514,+61475212201,Barrett Tarn,31/05/2016 17:17:04,961
35688882070851,+61.412.191.514,+61475212201,Tiffany Break,18/01/2016 18:57:01,2342
35688882070851,+61.412.191.514,+61475212201,Townsend Brace,18/03/2016 14:58:59,122
01998940203341,+61404191444,+61 470 321 101,Anderson Approach,07/01/2016 12:58:15,729
01998940203341,+61404191444,+61 470 321 101,Boyer Circlet,16/07/2016 20:08:20,1489
01998940203341,+61404191444,+61 470 321 101,Moore Entrance,07/06/2016 01:28:31,2155
01998940203341,+61404191444,+61 470 321 101,Kenneth Foreshore,18/05/2016 06:28:21,865
01998940203341,+61404191444,+61 470 321 101,Felicia Roadside,28/01/2016 19:06:21,753
01998940203341,+61404191444,+61.427.998.411,John Tarn,15/05/2016 00:35:48,2154
01998940203341,+61404191444,+61.427.998.411,Murphy Turn,10/01/2016 04:28:29,600
01998940203341,+61404191444,+61.427.998.411,Todd Steps,06/05/2016 04:59:09,529
01998940203341,+61404191444,+61.427.998.411,Franco Circus,17/06/2016 17:55:45,2064
01998940203341,+61404191444,+61.427.998.411,Reid Junction,11/01/2016 06:24:10,123
01998940203341,+61404191444,+61-456-928-589,Anthony Right Of Way,04/01/2016 21:12:59,2941
01998940203341,+61404191444,+61-456-928-589,Joyce Block,05/04/2016 08:37:39,3481
01998940203341,+61404191444,+61-456-928-589,John Tarn,28/02/2016 06:47:44,2437
01998940203341,+61404191444,+61-456-928-589,Scott Break,17/05/2016 14:49:38,1310
01998940203341,+61404191444,+61-456-928-589,Gross Crossroad,29/03/2016 00:22:09,2700
70833800706721,+61-456-928-589,+61404191444,Mark Subway,18/07/2016 11:28:24,2222
70833800706721,+61-456-928-589,+61404191444,William Entrance,28/06/2016 19:52:42,3280
70833800706721,+61-456-928-589,+61404191444,Sanchez Wynd,06/01/2016 17:53:02,563
70833800706721,+61-456-928-589,+61404191444,Holly Centreway,10/06/2016 09:41:18,2233
70833800706721,+61-456-928-589,+61404191444,Mclean Centre,08/01/2016 13:02:50,2746
44907586228143,+61296165265,08-7568-3345,Stacey Rotary,12/01/2016 21:36:13,2039
44907586228143,+61296165265,08-7568-3345,Hodge Bridge,02/01/2016 19:13:03,616
44907586228143,+61296165265,08-7568-3345,Jackson Dale,25/07/2016 03:13:21,2866
44907586228143,+61296165265,08-7568-3345,Clements Driveway,23/04/2016 18:35:25,1954
44907586228143,+61296165265,08-7568-3345,Murillo Arcade,06/05/2016 19:00:13,2443
